station;station_name;latitude;longitude
589108;вюоюебйю-пнярнбяйюъ;48.01984787;40.75588989
589004;анфйнбяйюъ;;
588904;гбепебяйюъ;48.0463562;40.19060516
588800;мнбнлхуюикнбяйюъ;48.04851532;40.12660217
588750;лнпнгнбяйюъ-чфмюъ;;
588641;йсльюкей;;
588507;вепйюяяйюъ;47.94294739;41.99850464
588302;лнпнгнбяйюъ;48.35108566;41.83901978
588209;бюкэйнбн;48.30469894;41.58824158
588143;йнбшкйхм;48.24127197;41.47851562
588105;рюжхмяйюъ;48.1907959;41.28399658
588001;ашярпнпевемяйюъ;48.188591;41.1879158
587901;фхпмнб;48.17633057;41.1162262
587808;цпювх;48.19454193;40.97965622
587704;аекюъ йюкхрбю;48.17450714;40.79366684
510907;сяоемяйюъ;47.69179535;38.67471695
510702;гюпевмюъ;47.20525742;39.70564651
510609;цмхкнбяйюъ;47.1903801;39.63572311
510505;уюопш;47.24463654;39.50871277
510401;пнярнб-гюоюдмши;47.24838257;39.61141586
510238;релепмхй;47.25004196;39.65833282
510204;пнярнб-цкюбмши;47.21834183;39.69038391
510153;гннкнцхвеяйхи яюд;;
510126;пюгбхкйю;47.24651337;39.79027176
510100;пнярнб-рнбюпмши;47.24482346;39.74794006
510064;опнрнвмши;;
510050;гекемши ксц;47.1868782;39.76820755
510007;аюрюияй;47.13823318;39.75556183
586275;янупюмнбйю;;
586260;йсреимхйнбн;;
586282;бхмнцпюднбйю;49.29824066;40.45096207
586294;йнкндегх;49.12504578;40.50437927
516229;рхлюьебяй-наунд;;
522396;цпевюмюъ;;
523312;рюлюмэ-оюяяюфхпяйюъ;;
607720;акюцндюрйю;52.20940018;43.88363266
782505;дпсфхмхмн;56.79073715;59.5177803
174306;бъгэлю;55.19751358;34.31762314
587600;йюйхвеб;48.16090775;40.71670914
587403;бюяхкэебяйхи;48.17634964;40.55654526
587301;пеомюъ;48.18567657;40.48586655
587206;йюлемяйюъ;48.3294487;40.25869751
587102;онцнпекнбн;48.43098831;40.28873825
587009;цксанйюъ;48.52444839;40.32316589
586909;рюпюянбйю;48.72626495;40.35724258
586415;анвемйнбн;49.00485229;40.4511795
586400;люкэвебяйюъ;49.05781555;40.36524963
586359;ьеорсунбйю;49.21137238;40.24383163
586504;лхккепнбн;48.92131805;40.39269257
580404;цсйнбн;48.04991531;39.94128036
580334;опедсцнкэмюъ;48.06154251;40.09158707
580300;гюлвюкнбн;48.11646271;40.06921387
580003;кхуюъ;48.15596008;40.19114304
519904;жхлкъмяйюъ;47.65868759;42.04859543
524404;йпюямндюп I;45.01823807;38.9890976
524156;йсаюмэ;;
524122;ьемдфхи;;
949119;юкесп;52.56269073;117.110527
949104;вепмшьебяй-гюаюийюкэяйхи;52.51517487;117.0197144
948830;сйспеи;;
940006;вхрю I;52.03451157;113.4577637
940105;оерпнбяйхи гюбнд;51.29079437;108.8582764
940010;вхрю II;52.02809906;113.4947281
940400;рюпаюцюрюи;51.18312836;109.1020126
940307;аюкъцю;51.15245056;108.9371719
942302;юмрхохую;51.98918533;113.5459442
519707;бнкцнднмяйюъ;47.51758575;42.16111374
519603;яюкнбяйхи;47.40839386;42.25281525
519571;йсреимхйнбяйюъ;47.25667191;42.16625214
519105;йсаепке;47.00663757;42.20171738
519001;дбнимюъ;46.8745079;42.04494858
518920;екэлср;46.78669739;41.89730072
518901;опнкерюпяйюъ;46.69644547;41.70653534
518827;ьюакхебяйюъ;46.53757477;41.60890198
518403;яюкэяй;46.47031403;41.54625702
518352;гюашрши;46.42043304;41.467659
518300;пюгбхкэмюъ;46.22734451;41.29353714
518206;оеявюмнйнояйюъ;46.17082977;41.07575989
518102;аекнцкхмяйюъ;46.09365463;40.83328247
518009;еъ;45.96001434;40.68525314
517909;пнбмне;45.93598175;40.57626343
517805;онпньхмяйюъ;45.87340927;40.37094116
515744;нпкнбйю-йсаюмяйюъ;46.67844772;39.22705841
514205;йюъкю;46.93540955;39.67667389
514101;йниясц;47.0463028;39.69535828
514008;акнйоняр 13 йл;;
513607;йхгхрепхмйю;47.2297287;39.82699585
523904;яебепяйюъ;44.87137985;38.69112396
523806;хкэяйюъ;44.86188889;38.55324173
523204;бшьеяреакхебяйюъ;45.20590591;37.02735901
522502;ярюпнрхрюпнбйю;;
522709;чпнбяйхи;45.1206131;37.43559265
522606;бюпемхйнбяйюъ;45.10844421;37.66852951
520901;мнбнпняяхияй;44.73539352;37.77487946
520808;йпюямндюп II;45.05464554;38.98695374
520704;рхрюпнбйю;45.24867249;39.01063156
520102;рхунпежйюъ;45.84898376;40.11822891
210201;рскю I-йспяйюъ;54.19963074;37.57858658
210907;рюпсяяйюъ;54.73511887;37.4008255
210729;ьскэцхмн;54.5746994;37.59484482
210708;ъямнцнпяй;54.47893524;37.68473053
210606;пебъйхмн;54.36304474;37.66305923
210502;унлъйнбн;54.29373169;37.60871887
215402;вепмэ;53.43367004;36.78892899
293100;йнмнью II;;
293007;йнмнью I;60.97401047;40.24665833
292907;епжебн;60.79580688;40.09324265
942105;йюдюкю;52.01659775;113.3292236
942001;вепмнбяйюъ;51.97187424;113.2302475
941901;днлмю;51.90191269;113.1565552
941704;цнксахвмюъ;51.62221146;113.0460815
941600;кеямюъ;51.76596832;113.0018845
941507;цнмцнрю;51.77296066;112.2509537
941437;ъакнмнбюъ;51.84017563;112.7572632
941418;рспцсрси;51.84256744;112.6430512
941403;янунмдн;;
941300;лнцгнм;51.73650742;111.9626236
941225;рюидср;51.63550568;111.4250794
941206;уюпюцсм;51.55176163;111.179718
941102;усьемцю;51.4383812;110.9285889
941009;цшпьексм;51.4003067;110.6635056
940909;ухкнй;51.36233902;110.4531784
940805;фхоуецем;51.45103073;110.173851
940701;аюдю;51.38755798;109.86306
940608;унунрси;51.28517532;109.5733337
940504;мнбноюбкнбйю;51.2120018;109.2284012
948474;йсщмцю;52.06878662;117.0511169
948101;опххяйнбюъ;51.91714478;116.6179276
315808;люкюунбяйюъ;57.2820282;40.91799545
315719;юплемйх;;
315511;ефнбн;57.40644455;40.69137573
315507;мепеурю;57.46190643;40.54868698
315418;яюуюпеф;57.44488144;40.42457962
315403;асплюйхмн;57.4368248;40.31929779
315314;рныхую;57.47421265;40.21001816
315301;кчрнбн;57.49248123;40.1197319
315206;рекхыебн;57.52782059;39.96076965
314909;мнбнъпнякюбяйюъ;57.57566833;39.79290771
314810;онкъмйх;57.59181976;39.83389664
314701;йнгэлнделэъмяй;57.48765182;39.68851852
314425;йнпнлшякнбн;57.39223862;39.59996414
314307;пнярнб-ъпнякюбяйхи;57.19817734;39.40748596
314006;яхкэмхжш;56.93073273;39.29114914
313427;аепемдеебн;;
313304;аюкюйхпебн;56.50774002;38.85013962
313107;лнкнр;57.6739502;39.75961304
312706;ремхмн;57.70895004;39.68723297
312621;веаюйнбн;57.75500107;39.53686142
319315;анкэьюйнбн;56.48853683;41.19761658
319300;яюбхмн;56.58949661;41.21203613
319211;ьнпшцхмн;56.6588707;41.26306534
319014;кюдшцхмн;56.72646332;41.30685806
319003;ьсъ;56.85066986;41.35166168
318914;бнпнфхмн;56.89474487;41.23731613
318908;йнулю;56.95144653;41.13975143
318806;цнпхмн;56.98323822;41.06391525
318609;хбюмнбн-янпрхпнбнвмне;57.00756073;41.03807449
318401;рейярхкэмши;56.99830627;40.89066315
318204;нанкясмнбн;56.88593292;40.63222504
318100;реийнбн;56.8576889;40.56489563
318007;яюуршь;56.80273056;40.55286026
317911;ъйьхмяйхи;;
317818;мепкэ;56.66384888;40.38201523
317702;оерпнбяйюъ;56.63578796;40.30654907
317606;цюбпхкнб оняюд;56.5666008;40.1210289
317305;чпэеб-онкэяйхи;56.48443604;39.66918945
185207;ясухмхвх-цкюбмше;54.08673859;35.31754303
185005;ясухмхвх;54.1175766;35.34235764
615321;йпхбнлсгцхмяйхи;;
615302;къохвеб;48.49404907;43.49782181
615209;кнфйх;48.44029236;43.37966919
615124;оняр 278 йл;48.45948792;43.32700729
615105;вхп;48.48270798;43.16127396
615001;яспнбхйхмн;48.60584259;42.84607697
614901;накхбяйюъ;48.54221344;42.50280762
614831;бнгмеяемяйхи;48.385952;41.95450211
614808;вепмшьйнб;48.42660141;42.21763229
615904;йюпонбяйюъ;48.68101501;44.05550385
615800;опсдани;48.68127441;43.90564728
307500;ьюпэъ;58.36637497;45.52411652
307407;бюпюйхмяйхи;58.37010956;45.34121323
307303;ьейьелю;58.34408188;45.18072891
307201;смфю;58.34047699;44.8268013
307106;люмрспнбн;58.3340683;44.74264908
307021;йнярпхую;58.32621765;44.56980896
307002;апюмрнбйю;58.3146019;44.32492065
306705;меъ;58.29289627;43.8593483
306601;екемяйхи;58.29837799;43.73583984
306508;мнлфю;58.30494308;43.57159805
306404;мхйнкн-онкнлю;58.33925247;43.39024734
306300;юмрпнонбн;58.40067673;43.00373459
306207;кноюпебн;58.33826065;42.66767502
306103;йпюяхкэмхйнбн;58.34977722;42.53477478
306006;цюкхв;58.36772919;42.34421539
304705;пняянкнбн;58.42593765;42.02053452
304610;люупнбн;58.42677689;41.68888092
304606;аси;58.46695709;41.54610062
304502;йнпецю;58.46575165;41.41838074
304413;апндмх;58.42487335;41.298069
304377;йюгюпхмнбн;58.3938942;41.18183517
304324;яейью;58.3452034;41.04175568
304305;кчахл;58.33927155;40.69326401
304127;фюпнй-ъпнякюбяйхи;58.2970314;40.54085159
304112;ксмйю;58.23096466;40.29834366
304165;янрэ;58.25383377;40.40639877
303711;пюрэйнбн-пнфмнбн;58.55172729;41.40538788
303745;ьсьйнднл;58.65185928;41.28691483
303603;бнурнцю;58.80789185;41.05451202
303500;кефю;58.93008041;40.76638412
303444;асьсхую;59.02112579;40.45769119
303433;рстюмнбн;59.06209183;40.30371094
303251;оюопхую;59.11587906;40.15078735
596506;бнпнмеф I;51.68015671;39.20588303
241604;бейнбйю;55.49970245;40.80387115
240809;щяхмн;56.18096161;41.47413635
240705;бняунд;56.08890152;41.53972626
240508;мепсдмюъ;55.94564056;41.1502533
240404;бнкняюрюъ;55.97662354;41.61956024
240300;яекхбюмнбн;55.89033127;41.73671722
240052;ярпнидерюкэ;55.59968567;41.99623489
240000;лспнл I;55.56359863;42.01702499
248105;йюмюь;55.51052094;47.4772377
254106;янямнбйю;56.24513245;51.29214096
254002;гюярпсц;56.24748993;51.19772339
253902;ълмне;56.25915527;51.11306
253809;бъряйхе онкъмш;56.22949219;51.03307343
253705;йсйлнп;56.18110275;50.91915512
253620;йнхмяюп;56.17911148;50.64240646
253616;хьрсцюм;56.16642761;50.52365112
253601;ьелнпдюм;56.18936539;50.39703369
253531;йнпяю;56.11141968;50.18250275
253508;юпяй;56.07735062;49.88811874
253404;йспйювх;56.00794601;49.56894684
253300;ахпчкх;55.96726227;49.41942215
253207;бшянйюъ цнпю;55.93232727;49.31010056
253103;йемдепх;55.90055466;49.26551056
253008;ъпюмяй;57.2860527;47.84211349
252929;рюаюьхмн;56.96240616;47.70709229
252806;мсфэъкш;56.7754631;47.64743423
252505;мнкэйю;56.66904449;47.66271973
252420;юйяюлюрнбн;56.62902069;47.80262375
252401;иньйюп-нкю;56.62171936;47.87992859
252312;йсъп;56.55384064;47.98682785
252219;оелаю;56.51167297;48.0501442
252100;яспнй;56.44316864;48.12551117
252007;йсмдшь;56.38098526;48.20294571
251907;ясякнмцеп;56.31154633;48.25051498
251803;ьекюмцеп;56.21912384;48.24880981
251630;хкерэ;;
251606;онлюпш;55.96371841;48.41931534
251502;бнкфяй;55.86281204;48.36105347
251428;йпюямнгюпхмяйхи;55.84238052;48.42671585
251305;оюпюряй;55.8423233;48.50261307
251216;цюпх;55.87601089;48.53145218
251201;гекемши днк;55.8415947;48.56126785
251108;бюяхкэебн;55.83782578;48.70633316
251004;депашьйх;55.85306549;49.19557953
250919;бняярюмхе-оюяяюфхпяйюъ;55.84343719;49.08121872
250904;бняярюмхе;;
49407;ябхпэ;60.95386887;34.08350372
248020;пюгзегд 275 йл;55.39382935;47.22510147
248001;хапеях;55.29277802;47.03315735
250105;мнбне юпюйвхмн;;
250040;наяепбюрнпхъ;55.8288765;48.80920792
250001;чдхмн;55.81512451;48.89504623
249517;екунбн;54.69366455;48.14851761
249502;аспсмдсйх;54.77341843;48.22989273
249413;ачпцюмш;54.82282639;48.2497673
249409;асю;54.96414185;48.26446915
249339;кных;55.05271149;48.24471664
249305;йюпюрсм;55.23328018;48.39957428
249220;йкчвх;55.33854294;48.50153351
249201;йскюмцю;55.4605484;48.42189026
249112;йсамъ;55.53617096;48.36171722
249108;юкаюаю;55.61356354;48.33796692
249038;ундъьебн;55.72351074;48.48158646
249004;ябхъфяй;55.79919052;48.52666855
248904;рчпкелю;55.75666046;48.22533035
248800;сплюпш;55.68655014;47.9440155
248730;ьнпйхярпш;55.63032532;47.74491501
250820;йнлопеяянпмши;55.82200623;49.18304062
250800;нлерэебн;55.77791595;49.16763687
250707;бюухрнбн;55.76568604;49.10791016
250302;йюгюмэ;55.78863144;49.09970093
250209;кюцепмюъ;55.80131149;49.01175308
250073;бнярнвмши оюпй;;
248092;йюмюь бнярнвмши;;
248088;но 670 йл (йюмюь бу.);;
250745;чахкеимюъ;;
250730;йнлахмюр;55.69579697;49.17985916
250764;ющпнонпр;55.60936737;49.2994194
250092;чдхмн гюоюдмши оюпй;;
250603;рхунпежйюъ;;
254426;яюпйсг;56.38777161;51.7187233
254203;йхгмеп;56.28300095;51.51018143
254727;йюпюлаюи;56.55941772;52.5818634
611413;бнкцнцпюд I;;
611405;бнкцнцпюд II;48.69205093;44.48014832
615389;люпхмнбйю;;
303317;оюопхую-асияйюъ;;
302920;метеднбн;58.61381912;40.26012802
302901;яйюкхмн;58.54237366;40.21353912
302812;люйюпнбн;58.30993652;40.22229767
302808;опевхярне;58.4199028;40.35241318
302600;йньрю;59.14165497;37.7490387
302507;вепеонбеж II;59.15255737;37.88329697
302304;вепеонбеж I;59.14059448;37.92630386
302225;ьекнлнбн;59.16832733;38.23601913
302210;уелюкдю;59.1356926;38.08001709
302102;ьейямю;59.20940018;38.52252197
302009;веаяюпю;59.20510101;38.8307724
301909;йсысаю;59.21992493;38.96780014
301805;йхоекнбн;59.23469543;39.1434021
301720;дхйюъ;59.24534607;39.49445343
301627;лнкнвмюъ;59.25696182;39.65756226
301400;бнфецю;60.47388077;40.21810913
301307;йюдмхйнбяйхи;60.31602097;40.26654053
301129;осмдсцю;60.1305369;40.2039367
301109;уюпнбяйюъ;59.9475642;40.2005437
301006;яелхцнпндмъъ;59.8071785;40.17477798
300821;лнпфемцю;59.61920929;40.1881485
300709;оевюрйхмн;59.50753403;40.14316559
300605;ясунмю;59.45676804;40.09080887
300501;пшайхмн;59.26515961;39.89790344
300304;бнкнцдю II;59.22796249;39.84644318
300107;бнкнцдю I;59.20688248;39.88279724
300003;княрю;59.17819595;39.97307968
308407;ябевю;58.28250122;47.50769424
308306;ьюаюкхмн;58.30252838;47.10920715
308236;йпсремяйхи;58.32639313;46.88142014
308109;цнярнбяйюъ;58.33321762;46.68788147
308005;ясопнрхбмши;;
307905;онмюгшпебн;58.35467529;46.31548309
307801;ъйьюмцю;;
307708;геакъйх;58.37085724;45.74058914
303209;цпъгнбеж;58.88422394;40.22938919
303105;аюйкюмйю;58.717556;40.12602997
586106;гюижебйю;49.68797684;40.08632278
585944;яепцеебйю;49.62778854;40.23487473
582005;кхяйх;50.97947693;39.50935745
585906;фспюбйю;49.77019882;39.81797028
585802;лхрпнтюмнбйю;49.96792603;39.69647217
585732;пюимнбяйюъ;50.05412674;39.6615181
585107;пняяньэ;50.18426895;39.60239029
585003;ондцнпмне;50.40174484;39.64061356
584922;оепебюкэяйюъ;50.50889587;39.65370178
584960;яюцсмш;50.6021843;39.61349106
584805;ебдюйнбн;50.70971298;39.4331131
584706;осунбн;;
590001;нрпнфйю;51.72846985;39.26700592
597104;опхдювю;51.64014816;39.25888443
241591;бейнбйю-вермши оюпй;;
245605;юпгюлюя I;55.40923691;43.7899704
245501;бспмюпш;55.48817825;46.94826126
245304;ьслепкъ;55.49084473;46.41127396
245227;ймъфхую;55.55096436;46.05036926
245107;охкэмю;55.54349518;45.92184067
245037;юмднянбн;55.53292465;45.74010086
245003;яепцюв;55.51974106;45.49566269
244903;рюпрюкеи;55.50017166;45.36300278
244710;йюлемхые;55.55636597;45.00572205
244706;ялюцхмн;55.57003403;44.85829544
244602;оепебнгяйюъ;55.59147263;44.52750778
244405;бюднй;;
244301;анашкэяйюъ;55.51509094;44.2102356
244212;рпюйрнбши-юпгюлюяяйхи;55.4487114;43.99380875
244208;юпгюлюя II;55.41731644;43.85144806
244138;няр. осмйр 408 йл;55.4294014;43.81423187
244021;аюкюунмхую;55.47908783;43.36471176
244000;лсурнкнбн;55.46416092;43.20056915
243826;бемеж;55.49913025;42.98426819
243783;реью;;
243648;пндъйнбн;55.53534317;42.52256012
243629;бекерэлю;55.53702927;42.35312271
243607;мюбюьхмн;55.53956604;42.19152832
243530;йнмдюйнбн;55.54713058;41.6946106
243506;асршкхжш;55.50632095;41.50675583
243309;днапърхмн;55.50507355;41.32319641
243205;юктепнбн;55.50596619;41.21593857
243008;гюйнкоэе;55.50415421;40.9614563
242912;мевюебяйюъ;;
242838;рнптнопндсйр;;
242823;хкэхвеб;55.50056458;40.30080032
948050;унканм;51.8991394;116.2369843
947912;ьхкйю-оюяяюфхпяйюъ;51.86094666;116.0459518
947908;ьхкйю-рнбюпмюъ;51.85527802;116.025589
947804;йюгюмнбн;51.77577209;115.8663254
947700;янкмжебюъ;51.7551384;115.6751938
947630;пюглюумхмн;51.76801682;115.4952622
947656;гсаюпебн;51.78493118;115.2745361
947503;спскэцю;51.76284027;114.7922745
943146;рюпяйюъ;51.63202667;114.5021362
943108;йюпшляйюъ;51.6244278;114.3503265
943023;рспхмяйюъ;51.6301918;114.0884934
942904;дюпюясм;51.66555786;113.9782562
942800;люййюбеебн;51.74751282;113.9606552
942707;мнбюъ;51.77165222;113.7912521
942603;йпсвхмю;51.82073212;113.7535324
942506;юрюлюмнбйю;51.92854309;113.6318359
317004;йхмеьлю II;;
318505;хбюмнбн;;
304911;йюпхлнбн;57.70239639;40.85559082
304907;йнялшмхмн;57.58884048;40.76263809
305524;реагю;58.16817474;42.14374924
305577;оепбсьхмн;58.03694153;41.93156815
305401;ясдхякюбкэ;57.92489624;41.67653275
305312;легю;57.81010056;41.40865326
305308;дпнбхмйх;57.79959106;41.23915482
305204;яемдецю;57.78684616;41.07090759
305100;йнярпнлю мнбюъ;57.75957108;40.98026657
310005;ъпнякюбкэ-цкюбмши;57.62560272;39.83530045
310019;йнрнпнякэ;57.60613632;39.8478775
310823;срйхмн;57.8112793;40.08423996
310700;тхкхмн;57.65613937;39.93326187
310607;опхбнкфэе;57.64326859;39.8621788
310109;ъпнякюбкэ;57.60083389;39.87199402
311309;охыюкйхмн;57.81973648;37.36652756
311390;пндхнмнбн;57.81813812;37.62881088
311328;оспьебн;57.82459259;37.50683594
311600;мейнсг;57.90536499;38.06185532
311510;люякнбн;57.85005569;37.84795761
311101;дюмхкнб;58.18667603;40.18532944
311050;осрърхмн;57.99843597;40.1655426
310927;освйнбяйхи;57.85762405;40.1365242
312689;бюскнбн;57.80474854;39.34049988
312509;кнл;57.87132645;39.14892578
312320;охмъцх;57.91253662;39.05895233
312316;рнпнонбн;57.96068192;38.98151398
312301;пшахмяй-рнбюпмши;58.04108047;38.87750244
312104;пшахмяй-оюяяюфхпяйхи;58.04166794;38.83386612
312024;чпхмяйхи;58.02550125;38.72495651
312034;рхулемебн;;
311915;йнанярнбн;;
311807;бнкцю;57.95129395;38.4074707
316302;еплнкхмн;57.09624481;41.24691391
316209;бнкцнпевемяй;57.45657349;41.17650604
316016;днлнбхжш;57.15562439;41.20523453
316001;тсплюмнб;57.24512863;41.11485291
317201;аюбкемш;56.39952087;39.56147385
317108;йнкэвсцхмн;56.29033661;39.38354111
316919;йхопебн;;
316707;йхмеьлю;57.44120026;42.14421082
316603;бхвсцю;57.22169495;41.92435837
316507;цнпйхмн;57.15268326;41.60821915
316355;йюлхмяйхи;57.13520813;41.48347092
316336;ярпнйхмн;57.0577507;41.09328079
516200;рхлюьебяйюъ;45.62966156;38.94015121
516107;апчунбежйюъ;45.79776382;38.98775101
516018;опхднпнфмюъ;45.99190903;38.97774887
516003;йюмебяйюъ;46.08689499;38.94164276
515903;депебъмйнбйю;46.15270996;38.95844269
515804;юкаюьх;46.32697678;38.93723297
515710;ярюпнлхмяйюъ-рхлюьебяйюъ;46.50484085;39.0812912
515706;ярюпнлхмяйюъ-еияйюъ;46.50909805;39.05274582
515104;рхунмэйхи;45.91378403;40.02915955
515034;кесьйнбяйюъ;45.99884415;39.94829178
514807;яняшйю-пнярнбяйюъ;46.12502289;39.83658981
514703;йпшкнбяйюъ;46.28385162;39.80649567
514609;йхякъйнбйю;46.39395523;39.60429382
514402;йсыебйю;46.5541153;39.60944748
514309;яреомюъ;46.73604584;39.56100845
611015;яюднбюъ;48.6954422;44.42307663
611000;хл.люйяхлю цнпэйнцн;48.68151855;44.33682251
610648;ахпчгнбши;;
762304;бепеыюцхмн;58.07894135;54.65378571
519815;пюгзегд 103 йл;;
510191;акнйоняр 19 йл;;
510187;йюгювэъ;;
515388;бюяхкэебн-оерпнбяйюъ;46.93037033;39.46865082
515335;бшянвхмн;47.0353508;39.64040756
513541;юкейяюмдпнбйю;47.32430649;40.00729752
513503;мнбнвепйюяяй;47.40433121;40.11621094
513403;унрсмнй;47.44194412;40.095047
513306;кнйнлнрхбярпни;47.48374176;40.06918716
513202;оепяхюмнбйю;47.5222435;40.10284805
513109;йюлемнкнлмх;47.66482544;40.19433212
512801;ьюурмюъ;47.72716522;40.19813538
512727;кеяняреоэ;47.84080124;40.21666718
512708;цнпмюъ;47.81746674;40.1961441
512407;чахкеимюъ;;
512303;меяберюи;47.80779648;39.88795853
512106;яскхм;47.88127518;40.09297943
512002;гбепебн;48.02025986;40.11500549
511508;рюцюмпнц;47.22132111;38.91448975
511419;рюцюмпнц-оюяяюфхпяйхи;47.26280594;38.91751862
511404;люпжебн;47.26309586;38.8842392
511353;яхмъбяйюъ;47.27587891;39.26057816
511349;лнпяйюъ;47.29206848;39.09556198
511207;мейкхмнбйю;47.40530777;38.92077255
781409;пебдю;56.81217194;59.92631531
780506;ейюрепхмаспц-оюяяюфхпяйхи;56.85891342;60.60606384
263124;мевермши опхелн-нропюбнвмши оюпй;;
260003;мхфмхи мнбцнпнд-янпрхпнбнвмши;56.2866478;43.85425186
260200;мхфмхи мнбцнпнд-лняйнбяйхи;56.32216644;43.94569397
263105;йнбпнб I;56.36870575;41.30460739
263047;тедскнбн;56.37538147;41.22251511
262901;мнбйх II;56.38475037;41.11244965
263001;мнбйх I;56.36240387;41.07499695
262941;брнпнбн;56.26891327;40.78638458
262920;репеунбхжш;56.31485748;40.93086624
262704;бкюдхлхп;56.12989807;40.42033005
262102;оерсьйх;55.92477417;39.46283722
268611;янкнбеийн;55.44664764;43.80608368
267407;ьепярйх;57.97486877;47.4455452
267303;аспеонкнл;57.9441452;47.35351944
267200;охфлю;57.86239624;47.10190201
267106;рнмьюебн;57.77303696;46.85821533
267002;ьюусмэъ;57.67169189;46.61795807
266724;наунд;57.56892014;46.21188354
266705;юпэъ;57.49278641;45.96202087
266601;спемэ;57.4633522;45.79377365
266508;сярю;57.42881775;45.66453552
266300;ьелюмхую;57.30243301;45.38492966
266207;берксфяйюъ;57.1716423;45.12295532
266005;ясунаегбндмне;57.04484558;44.88938141
265900;йепфемеж;56.91634369;44.62104416
265806;яелемнб;56.79403687;44.48057556
265628;рюпюяхую;;
265609;кхмдю;56.61269379;44.10244751
265505;йюкхйхмн;56.54589462;44.06116104
265401;йхяекхую;56.47485352;44.04553986
265308;рнкнйнмжебн;56.40539932;43.98187256
264926;нйяйюъ;56.15660477;43.81348801
264907;оерпъебйю;56.25254059;43.79922104
264606;дняйхмн;56.26462173;43.75761032
264004;цнпнунбеж;56.15921021;42.81439209
240902;йнбпнб-цпсгнбни;56.30454636;41.38489532
267604;хцнрхмн;58.19653702;48.03388977
267500;ефхую;58.07742691;47.69606018
268503;нпхвх;58.40378189;49.05580521
268429;ьюкецнбн;58.3578949;48.88041687
268325;ашярпъцх;58.33052826;48.74174881
268202;люпюдшйнбяйхи;58.31163406;48.63796616
268147;члю;58.27892685;47.63914871
268128;южбеф;58.27959442;47.92689514
267801;йнрекэмхв I;58.31187439;48.34349823
267708;йнрекэмхв II;58.30389786;48.28652954
270005;къмцюянбн;58.51762009;49.45847702
270403;йхпнб-гюбндяйюъ;58.62185669;49.6536026
270306;йхпнб-йнркюяяйхи;58.60609055;49.64397049
270217;йпюямняекэяйхи (пгд);58.53023911;49.67322159
270202;йхпнб;58.5778656;49.65240097
270109;всукнлхмяйхи;58.55182648;49.54281998
271440;вюыхмяйхи;58.948349;49.39165878
271421;ледъмйю;58.83883667;49.51089096
271402;цхпянбн;58.73069382;49.56220627
271309;днкцсьхмн;58.63978195;49.73257065
271101;аекйю-якнандяйюъ;58.67489624;50.13864136
271008;якнандяйне;58.71902084;50.18066788
270908;люрюмжш;58.64585114;49.5189476
270804;ярпхфх;58.46240997;49.25274658
272710;нйръапэяйхи;60.33316803;47.69821167
272706;охмчц;60.2571373;47.78282928
272621;мнбши;;
272509;юкэлеф;60.05600357;48.03697205
272405;кюршьяйхи;59.94808578;48.17213821
272301;ноюпхмн;59.84394836;48.30063248
272212;мюцхахмн;59.72731781;48.41684341
272208;бюгчй;59.68303299;48.50500107
272104;ярюпнбепвеяйюъ;59.62818527;48.61981201
272000;аеганфмхй;59.51116943;48.81401443
271915;йнлянлнкэяйхи;59.44452286;48.90485382
271900;лспюьх;59.39686203;48.96365738
271830;днкхмхвх;59.36312866;49.04660797
271851;бекхйюъ;;
271648;лняхмяйхи;;
271609;чпэъ;59.04346466;49.27271271
275530;йнфхкэ;;
274608;ярюкэмюъ;58.68132019;52.20853424
274307;ъп;58.24862671;52.11196136
274203;тюкемйх;58.35544586;51.59206772
274006;гсебйю;58.40379333;51.13394928
273732;юпдюьх;58.46274185;50.63595963
273709;опнямхжю;58.43734741;50.23211288
273605;веоежйюъ;58.53744125;49.98672867
273802;аслйнлахмюр;;
273501;онкни;58.4703331;49.81399155
273408;онгдхмн;58.49520493;49.6975174
273304;бърйю;58.62739563;49.57254028
273107;ксгю;60.63058472;47.25862122
273022;люйсую;60.55644989;47.33478165
273003;ксмдюмйю;60.4686203;47.48847198
272782;оюмюячй;;
275916;няр. осмйр 1217 йл;57.86307526;53.32778549
275901;охаюмэьсп;57.87282562;53.27359009
275827;ьсп;57.87780762;53.1816864
275808;аюкегхмн;57.97437286;53.00516129
275704;цкюгнб;58.13245773;52.66962814
70605;ояйнб-оюяяюфхпяйхи;57.80425644;28.36215591
70501;ояйнб-рнбюпмши;57.79806137;28.35790634
70087;беьйх;57.74644089;28.95642471
70056;йюпюлшьебн;57.76016998;28.7606945
70037;йеа;57.77348328;28.54562187
70003;аепегйх;57.80418015;28.41142845
67665;мюгхлнбн;56.39765167;31.04721069
66737;бнпнаежйюъ;56.31966782;30.45489311
66652;цсыхмн;56.31764984;30.29257393
66602;мнбнянйнкэмхйх;56.34392548;30.14706039
254996;чяйх;;
66008;бекхйхе ксйх;56.3396759;30.5635643
58302;аюрежйюъ;58.64807129;30.3148613
57738;пныю;57.80376434;29.73753929
57704;онпунб;57.7661705;29.53022766
57615;ксмебн;57.7285347;29.25908089
57600;ондяебш;57.72822189;29.16112709
56701;дмн;57.82389069;29.96135712
56608;лнпхмн;57.89390945;30.34538078
56504;бнкнр;57.93114853;30.7080307
56449;рскеакъ;;
56307;ярюпюъ псяяю;58.00028992;31.34474754
56203;оюптхмн;57.96272278;31.61098862
254708;ошвюя;56.5010643;52.43962097
254604;лнфцю;56.44670486;52.20162582
254522;кчцю;56.42976379;51.9466629
256506;юплъгэ;56.41082001;53.93163681
256205;яюпюоск;56.45042419;53.78102493
256135;асцпшь;56.49239731;53.43767166
256027;йхвебн;56.51202011;53.20970154
255908;гюбндяйюъ;;
255804;бнрйхмяй;57.04187775;54.01650238
255700;йбюпяю;56.95417786;53.95049667
255607;бнфни;56.87133026;53.45151138
255503;онгхлэ;56.82489395;53.24933624
255409;хфебяй;56.80194473;53.18950272
255325;ксдгъ;56.70724106;53.13863373
255217;хфанаэъ;56.48403931;52.9724617
255221;репях;56.33266449;52.87754822
255113;лсйьсп;56.23589325;52.69046021
255109;юкмюьх;56.11827469;52.56400681
254905;юцпшг;56.52544022;53.01310349
254835;спнл;56.55987549;52.72810745
259608;янкдюрйю;56.81388092;59.38838196
259504;ахяепряйхи гюбнд;56.84490204;59.06655502
259434;йкемнбяйхи;56.8157959;58.60580826
259218;йкчвебюъ;56.82958984;58.49453354
259133;ютюмюяэебяйхи;56.84794998;58.33953857
259100;стхлйю;56.70351028;58.03813553
259006;гчпгъ;56.66406631;57.85220337
258906;йпюямнстхляй;56.59804916;57.75859833
258802;яюпюмхмяйхи гюбнд;56.50847244;57.67024231
258709;осдкхмцнбши;56.49984741;57.5422821
258610;вепмюъ певйю;56.54249954;57.43330383
258501;вюд;56.50862503;57.2053299
258427;аюпршл;56.45890808;56.94079971
258304;ысвэе нгепн;;
258234;рпсм;56.45307541;56.32749557
258107;вепмсьйю;;
258003;йседю;56.42838287;55.59654617
257937;пюаюй;56.34690094;55.25426865
257800;ъмюск;56.27175903;54.92884064
257706;йюплюмнбн;56.24052429;54.55216217
257617;метрейюляй-оюяяюфхпяйхи;56.10502243;54.24329758
257602;метрейюляй;;
257509;юлгъ;56.23932266;54.38171387
257405;йюлаюпйю;56.26011276;54.22842026
257301;йюсвсй;;
257000;йюлю;56.29750443;54.11126709
257015;ьнкэъ;;
256703;яюицюрйю;56.77246094;54.13912964
256604;сфсхую;56.57740402;53.95730591
277818;гхкюи;57.84977722;53.3103447
277593;кчй;57.72200775;53.09021759
277517;лемэхк;57.62681198;53.09872437
277409;хцпю;57.55828094;53.05027771
277305;йсьэъ;57.45290756;53.10185242
277127;кнгю;57.36086655;53.01470184
277108;оюярсунбн;57.25559616;53.01127625
277019;йейнпюм;57.18177795;52.99723816
277004;всп;57.11607742;52.9666748
276923;сцкнбни;57.02665329;52.91732407
276904;кчйьсдэъ;56.96286392;53.01398087
276514;сбю II;56.97623062;52.29176331
276406;сбю I;56.9889946;52.18016815
635607;яшгпюмэ I;53.1701889;48.48204803
35207;жбернвмюъ;59.88711929;30.33425522
35004;опедонпрнбюъ;;
34806;юкейяюмдпнбяйюъ;59.7309494;30.33846283
34702;бепебн;59.64530945;30.22065926
34026;цюрвхмю-бюпьюбяйюъ;59.55264282;30.13322258
34007;цюрвхмю-рнбюпмюъ-аюкрхияйюъ;59.54415894;30.10823631
33803;тпегепмши;;
33502;яюмйр-оерепаспц-рнб-бхреаяйхи;59.88674164;30.34693527
33409;бнкйнбяйюъ;59.89546585;30.36120415
33061;яюмйр-оерепаспц-бхреаяйхи;59.91881561;30.33071518
33004;ьсьюпш;59.80579758;30.3884697
32508;оюбкнбяй;59.6935463;30.43277168
32406;юмрпноьхмн;59.64088821;30.42685127
32355;йнапюкнбн;59.58842468;30.38982391
32336;бкюдхлхпяйюъ;59.5737915;30.367033
56631;онкнмйю;57.85669327;30.14892387
33413;цксуннгепяйюъ;59.90903854;30.38748932
30580;няр. осмйр 2 йл;;
22654;княебн I;60.66573334;30.03587914
32302;мнбнкхяхмн;59.57577896;30.5457859
32112;бяонлнцюрекэмши оняр 22 йл;59.28079987;32.4928093
31812;яюмйр-оерепаспц-цкюбмши;59.92693329;30.3631134
31808;яюмйр-оерепаспц-рнб-лняйнбяйхи;59.89348602;30.39275551
31634;якюбъмйю;59.80729675;30.51273537
31600;йнкохмн;59.74979019;30.61450958
31333;яюакхмн;59.63528442;30.75711441
31302;рнямн;59.54452896;30.88191414
31206;сьюйх;59.47885895;31.00763893
31009;насунбн;59.84943771;30.45319176
30909;пшаюжйне;59.83127213;30.50115585
30805;хфнпш;;
30701;яюоепмюъ;59.77281952;30.67828941
30608;оеккю;59.76900482;30.83286858
30504;люмсьйхмн;59.85409927;30.73327065
30400;оюбкнбн-мю-мебе;59.79171371;30.88053322
30222;цнпш;59.76764297;30.94581985
30203;лцю;59.7554245;31.0616188
30006;яюмйр-оерепаспц-янпр-лняйнбяйхи;59.87548828;30.41586113
28504;асякнбяйюъ;60.84064484;28.37717056
41208;рнпахмн;58.58189774;32.88058472
41104;анпнбемйю;58.48420715;33.07516098
40703;ондаепегэе;58.70118332;31.36300659
40101;бекхйхи мнбцнпнд;58.52663422;31.25011253
39602;йюммекэъпбх;60.35778046;29.3887043
39405;пныхмн;60.24910355;29.57426071
39301;гекемнцнпяй;60.20549011;29.70046616
39208;аекннярпнб;60.14433289;30.0136795
38807;кебюьнбн;60.10431671;30.21862221
38510;оюпцнкнбн;60.08118439;30.25859642
38506;ьсбюкнбн;60.04656219;30.29763794
38309;оюпмюя;60.05810165;30.35786438
38215;кюмяйюъ;59.99496078;30.32758141
38205;яюмйр-оерепаспц-тхмкъмдяйхи;59.95818329;30.3581562
38101;псвэх;60.00405502;30.44077682
37804;нпеунбн;60.46443558;30.26114082
37700;оепх;60.24716949;30.46421242
37560;бюяйекнбн;60.37110901;30.3712101
37503;янямнбн;60.54753113;30.21636009
37405;йсьекебйю;59.99046326;30.35476685
37306;онкчярпнбн;59.96720123;30.44504738
37109;дювю днкцнпсйнбю (кюднфяйхи бнйгюк);59.93041992;30.4400959
37024;охяйюпебйю;59.98820496;30.42501068
37005;пфебйю;59.9808197;30.51580238
36905;гюмебяйхи оняр;59.93943405;30.5063858
48442;мюгхъ;59.79981613;31.37996483
48404;фхуюпебн;59.84623718;31.5782032
45849;янкнцсанбйю;59.72655106;31.16015816
45711;онцнярэе;59.59915161;31.53799248
45618;няр. осмйр 61 йл;;
45505;цкюфебн;59.65576172;32.10598373
45459;репеанвебн;59.74684906;32.23299026
45266;фюпнй;59.56354141;31.65629196
45247;оняюдмхйнбн;59.47234344;31.8960228
45228;няр. осмйр 63 йл;59.46715927;31.96313286
45209;йхпхьх;59.45757675;32.02768326
45105;овебфю;59.35702515;32.32962036
42501;пъанбн;59.41677856;31.12616158
42408;кчаюмэ;59.35133743;31.25045395
42200;рнптъмне;59.17825699;31.5758152
42107;хпяю;59.45331192;31.90164566
42022;всднбн-йхпнбяйне;59.16456985;31.66699982
42003;всднбн-лняйнбяйне;59.12264633;31.67928696
41852;цпъдш;58.97211075;31.96120071
41621;анкэьюъ бхьепю;;
41602;люкюъ бхьепю;58.84619522;32.22135925
41439;аспцю;;
41418;лярхмяйхи лняр;58.68982697;32.57420349
53703;нйскнбйю;58.37192535;33.30065536
21505;опхцнпндмюъ;60.75214386;28.65021706
21331;ксфюийю;60.80596924;28.47686386
21204;бепумевепйюянбн;60.66047668;28.88162994
20907;цюбпхкнбн;60.5910759;29.04432487
20803;йхпхккнбяйне;60.46739197;29.28494072
20606;бшянжй;;
20521;люрпнянбн;60.60957718;28.74501419
20004;бшанпц;60.71576309;28.75189209
54509;цюлгхмн;;
54104;йнрнбн;58.48704529;33.47649002
42906;оеярнбн;58.60128784;35.80675888
42821;опхдюмхую;58.5427475;36.10344696
42802;яюмднбн;58.46224976;36.4044075
43203;йюанфю;58.80455399;35.03002548
43133;асцпш;58.75955582;35.2501564
43010;юапнянбн;58.71095657;35.43467712
45001;асднцныэ;59.28422165;32.44265747
44507;меанквх;59.12195206;33.34258652
43909;убнимюъ;58.89294434;34.50370026
45482;онпнцх;59.87643814;32.31867981
46249;яхсв;59.28256226;36.42962646
46216;сирю;59.23635101;36.75875473
46108;йюдси;59.19633102;37.15055466
46042;йнлюпхую;59.16825104;37.36878586
46004;ясдю;59.15244293;37.55145645
48207;бнианйюкн;59.88033676;31.76746178
48122;мнбши ашр;59.89178848;31.92610741
48001;бнкунбярпни II;59.91756821;32.35452652
48508;лсплюмяйхе бнпнрю;59.93564224;32.38080597
49207;ъмецю;60.74975586;33.71364975
49106;кндеимне онке;60.72788239;33.55498123
49021;гюнярпнбэе;60.62286758;33.31514359
49002;нърэ-бнкунбярпнебяйхи;60.4554863;33.1415596
48828;чцх;60.2400856;32.8036232
48705;ксмцювх;60.11653519;32.65262604
48601;йнквюмнбн;60.04450607;32.60063934
47825;йсйнкэ;59.87673569;32.49556351
47844;лшякхмн;59.84572983;32.59077454
47647;бюкъ;59.71575546;32.946064
47613;жбшкебн;59.64600372;33.215065
47505;рхубхм;59.63632584;33.5047493
47401;анкэьни дбнп;59.60289764;33.94842529
47308;охйюкебн I;59.55689621;34.08368301
47204;охйюкебн II;59.52466965;34.17422104
47100;йнкх;59.5021286;34.4940033
47007;етхлнбяйюъ;59.49547577;34.67530441
46803;онданпнбэе;59.50761414;35.03829956
46700;гюанпэе;59.51537323;35.2257576
46409;аюаюебн;59.3858757;35.94868088
46315;рхлньйхмн;59.38288498;36.15181732
49303;ондонпнфэе;60.90200043;34.06858826
49229;ъмдеаю;60.83757401;33.9882164
40008;бнкунбярпни I;59.92121124;32.30067825
40031;осошьебн;59.90445328;32.10168457
40050;акнйоняр 116 йл;;
234620;дхбнбн;;
234507;юкоюрэебн;54.88019943;39.32637024
234403;тпсйрнбюъ;54.91614151;39.25863647
234225;ондкхойх;54.95610809;39.17596054
234206;ксунбхжш;54.98244858;39.04184341
234102;ыспнбн;55.06477737;38.85079956
233805;цнксрбхм;55.08618164;38.80527496
233701;оеяйх;55.21593857;38.77158737
233612;ьхтепмюъ;55.28312683;38.73646545
233608;бняйпеяемяй;55.31298828;38.70193863
195209;бхмнцпюднбн;55.42689133;38.55993652
195105;тюсярнбн;55.44516373;38.49653244
222800;пъгюмэ II;54.62835693;39.69880295
220006;пшамне;54.73067856;39.50347519
195001;апнммхжш;55.49899292;38.36273193
194901;пюлемяйне;55.56515503;38.22621918
194808;ашйнбн;55.62661362;38.07125473
194206;кчаепжш I;55.6824913;37.89670181
194117;мхйнкюебйю;55.79698181;37.63576508
194121;лняйбю II-лхрэйнбн;;
193909;лняйбю-оюяяюфхпяйюъ-йюгюмяйюъ;;
644409;лнкбхмн;53.79547501;48.40786743
644803;скэъмнбяй жемрпюкэмши;54.27198792;48.32239532
645308;жхкэмю;54.59296417;48.14391327
645100;скэъмнбяй III;54.30161285;48.31148148
648912;рнилю;55.98469925;52.40930176
648908;рхунмнбн;55.83000946;52.25139618
648503;мюаепефмше векмш;55.67248535;52.27529144
648400;йпсцкне онке;55.61930847;52.17298126
649205;янанкейнбн;55.6030426;51.86178207
648202;ахйкъмэ;55.59135818;51.97070694
648166;мхйюьмнбйю;55.56372833;52.07188416
648147;аецхьебн;55.5038147;51.98992538
943305;юдпхюмнбйю;51.56606293;114.5181046
193805;оепнбн;55.73580933;37.76442719
198813;кхунанпш;55.8427124;37.53047562
198508;опеямъ;55.76659775;37.51710892
191443;оепепбю;55.6608429;37.71626282
191104;ыепахмйю;55.51012421;37.56218338
190900;онднкэяй;55.43179703;37.56541824
190807;цпхбмн;55.35668564;37.52680969
190629;кэбнбяйюъ;55.31235886;37.51545715
190609;ярнканбюъ;55.24874115;37.49372101
190506;веунб;55.15001297;37.49020386
190402;ьюпюонбю нунрю;55.04129028;37.47742844
190205;яепосунб;54.93471527;37.45184326
190239;нйю;;
190012;кчакхмн;55.68492126;37.73386383
230008;нпеунбн-гсебн;55.79531097;38.97568512
231231;дпегмю;55.74807739;38.85317993
231104;оюбкнбяйхи оняюд;55.77583694;38.67394257
230807;тпъгебн;55.7323494;38.46499252
230703;упюосмнбн;55.72100449;38.34771729
230600;щкейрпнсцкх;55.73012543;38.20233917
230506;йсоюбмю;55.75315857;38.12107468
230402;фекегмнднпнфмюъ;55.75246048;38.00828171
233106;вепсярх;55.54253769;40.00499344
231509;онйпнб;55.89199448;39.21764374
237331;аекэйнбн;;
237011;юкейяюмдпнб II;56.37203217;38.69168472
237007;юкейяюмдпнб;56.3972435;38.7029686
236803;юпяюйх;56.38329315;38.45956802
236702;асфюмхмнбн;56.39186859;38.30793381
50404;аекши цнпнднй;56.94914246;37.53482056
50300;яюбекнбн;56.85573578;37.37684631
50103;анкнцне-онкнжйне;57.85691452;34.11181641
50048;гкхмн;57.90736389;33.98350906
50009;анкнцне-лняйнбяйне;57.88600922;34.06092834
51411;нбхмхые II;58.3564415;36.94880676
51479;нбхмхые I;58.33924484;37.02056503
51318;нярнкнонбн;58.20546722;37.06235504
51303;йпюямши ункл;58.04874039;37.10538483
51229;онднахмн;57.80208206;36.91094589
51110;днп;57.91186523;37.08776855
51106;янмйнбн;57.78048706;37.16191101
51017;гнкнрйнбн;57.68144989;37.23532867
51002;йеянбю цнпю;57.58398819;37.30608749
50832;лчд;57.49007034;37.41311264
50809;йюьхм;57.35275269;37.58969116
50601;сцкхв;57.50727844;38.32513428
50508;йюкъгхм;57.23423386;37.83067322
50457;йюкъгхм оняр;57.23910141;37.78775787
54903;мюпювхмн;57.90932083;33.74081039
54800;цсгърхмн;57.91036987;33.88234329
55605;дбнпеж;57.9394989;32.99049759
55200;бюкдюи;57.96985626;33.24495697
55107;днашбюкнбн;57.9336586;33.42577362
55003;едпнбн;57.91897202;33.63330841
56082;онкю;;
56025;аецкнбн;57.92527008;32.05768585
55906;ймебхжш;57.92411423;32.22147751
55802;кшвйнбн;57.92140198;32.39925385
55728;кчамхжю;57.96960068;32.69862747
53506;анпнбхвх;58.38906479;33.88961411
53309;сцкнбйю;58.23343277;33.50881577
53101;юкеьхмйю;58.04511642;33.80808258
53008;аепегюийю;57.98548126;33.90751266
52804;асьебеж;57.85329819;34.15272141
52700;ледбедебн;57.88204956;34.10984039
52626;окюрхыемйю;57.91172028;34.21242523
52607;йютрхмн;57.93572617;34.30593872
52503;лярю;57.91785049;34.52258301
52414;дпелсую;57.92361069;34.6595726
52433;цпхакъмйю;57.9070015;34.77031326
52310;оюмшьхмн;57.89838028;34.8910675
52306;сднлкъ;57.88007355;35.00733566
52202;епелйнбн;57.85992432;35.268013
52109;апсянбн;57.85421371;35.41332626
52005;люкшьебн;57.831604;35.62595367
51905;люйяюрхую;57.79706192;35.86008072
51835;яхднпйнбн;57.77398682;36.04971695
51816;бхйрнпнбн;57.79183197;36.30594254
51801;ьхьйнбн;57.78786087;36.47229385
51708;аефежй;57.79776764;36.69460297
51604;беяэецнмяй;58.65412521;37.26515579
60073;лняйбю-оюяяюфхпяйюъ-нйръапэяйюъ;55.7788353;37.65372086
60001;унбпхмн;55.87916946;37.48740768
62401;яохпнбн;57.42134094;34.99559402
62308;йюкюьмхйнбн;57.278862;35.21768188
62100;кхунякюбкэ;57.12693787;35.4649353
61659;днпньхую;56.86863708;35.83911133
61502;рбепэ;56.83514404;35.89295959
61409;педйхмн;56.64514542;36.29565048
61305;гюбхднбн;56.55186462;36.43787766
61108;пеьермхйнбн;56.44946289;36.56694412
60904;йкхм;56.33095551;36.71156311
60800;ондянкмевмюъ;56.18430328;36.97157669
60707;онбюпнбн I;56.07892609;37.05947876
60444;яундмъ;;
60302;ухлйх;55.89369583;37.45347214
60232;лняйбю-рнбюпмюъ-нйръапэяйюъ;;
64229;репеьйхмн;;
64106;рнпфнй;57.04228973;34.98044968
63705;ярюпхжю;56.5370903;34.77835464
63616;нясцю;;
63122;оюмхмн;56.41887283;34.56752777
63103;пфеб-аекнпсяяйхи;56.27191162;34.31025696
63029;лекхунбн;56.24698639;34.29196548
63006;пфеб-аюкрхияйхи;56.23945999;34.32061768
62900;юйюделхвеяйюъ;57.71800232;34.34299469
62736;кенмрэебн;;
62702;бшьмхи бнкнвей;57.59922791;34.56306076
62524;екхгюпнбйю;;
62505;няевемйю;57.54420471;34.80203247
67706;рнпноеж;56.51399612;31.64795876
68107;янакюцн;56.88822556;32.65405273
67903;юмдпеюонкэ;56.64615631;32.26329422
68802;йсбьхмнбн;57.02666092;34.18549347
68501;яекхфюпнбн;56.85760498;33.46384048
68412;яйюйскхмн;;
69608;йсфемйхмн;57.72712326;33.97581863
69400;аюрюкхмн;57.59661865;33.85595703
69307;тхпнбн;57.48320389;33.69910812
69203;нярюьйнб;57.1339035;33.12466812
69109;оемн;56.9220314;32.74421692
183409;кюршьяйюъ;55.35925674;36.70520401
183305;мюпю;55.38315964;36.75109863
182603;йсахмйю I;55.57912445;36.69088364
180010;аейюянбн I;55.42964172;36.84017181
180059;онфхрйнбн;55.44120407;36.80305099
180082;няр. осмйр 214 йл;55.53693008;36.66484833
236409;йнярхмн;56.2926712;37.78170395
238322;хбюмжебн;56.31935883;37.5484581
238207;онбюпнбн II;56.07435989;37.11288452
184806;йсдпхмяйюъ;54.2503891;35.54292297
184609;аюашмхмн;54.38777542;35.73881149
184505;бнпнршмяй;54.46678925;36.04103088
184401;йюксцю II;54.53920746;36.12761307
184219;цнпемяйюъ;54.6115036;36.13827515
184204;рхунмнбю осяршмэ;54.64048004;36.15200424
184026;епдемебн;54.9240799;36.39110184
183907;люкнъпнякюбеж;55.00773621;36.48091888
183704;намхмяйне;55.0921669;36.61820602
183606;аюкюаюмнбн;55.17889404;36.66242981
183502;бнпяхмн;55.24098206;36.66786194
196305;ондлняйнбмюъ;55.81452942;37.52695847
197100;ксйхмн;55.85631943;36.87998581
197064;онбюпнбн III;56.04649353;37.05620575
944702;анпгъ;50.38918304;116.5190506
944628;гсм-рнпеи;50.43470383;116.4644623
944613;ьепкнбюъ;50.51828003;116.3850708
944609;ьюурепяйюъ;50.57868958;116.3478241
944511;уюдюаскюй;50.64629364;116.3001709
944416;пюгзегд ╧ 114;;
944401;аегпевмюъ;50.73242188;116.1766434
944312;лхпмюъ;50.74713135;116.0513687
944204;ашпйю;50.740448;115.9512711
944100;ъямюъ;50.82647705;115.785965
944007;ъямнцнпяй-гюаюийюкэяйхи;50.86882401;115.687645
943907;нкнбъммюъ;50.94383621;115.586998
943803;яреоэ;51.0038147;115.3942261
943714;аскюй;51.03435898;115.33992
943701;пюгзегд ╧ 71;51.09415436;115.1957932
943521;нярпевмюъ;51.20848846;115.051384
943409;лнцнирси;51.28202438;114.923378
943343;аспъряйюъ;51.44727707;114.7118378
943339;яедкнбни;51.48025513;114.5414505
944115;пюгзегд ╧75;50.77780151;115.840538
943822;пюгзегд ╧72;;
524207;цнпъвхи йкчв;44.64744186;39.12743378
216000;нпек;52.97935867;36.1124649
215807;ярюкэмни йнмэ;53.03730392;36.13269806
215605;нрпюдю;53.16051102;36.33472824
760101;йспэъ;58.04750443;56.01942062
760008;оеплэ-янпрхпнбнвмюъ;58.03459549;56.13201523
